,ADCP gB,ADCP Pentamer,ADNP gB,ADNP Pentamer,ADCD gB,ADCD Pentamer,ADCD CG1 ,ADCD CG2,ADCD TT,ADCC gB CD107a,ADCC gB IFNγ,ADCC gB MIP-1β,ADCC Pentamer CD107a,ADCC Pentamer IFNγ,ADCC Pentamer MIP-1β
IgG CG2,0.05597240656988447,0.005895469658382307,-0.4134197020261623,-0.18791583811800971,0.04548164979595437,0.2704943072338908,0.048925517380254635,0.08153539065829335,-0.00031070303474975414,0.1139173556666247,0.10328114765588739,0.16224113338905963,0.046410664053356254,0.08703033304318716,0.043392442628958694
IgG CG1,0.009849307871915403,0.1997784658840907,0.25146031613413844,0.07893570878917708,0.014818692286358154,0.12371813200117258,-0.16954987320899834,0.18396644287096142,0.3355665183363579,-0.015118365810280476,-0.10142582234027869,0.10138170899882723,0.05997214627973413,-0.04888978960477072,-0.07798097059740519
IgG McClellan prefusion gB,-0.007673658083090493,0.2620047313436021,-0.13912325942992299,-0.08889419139973792,-0.001583329746180584,0.007402968893208746,0.20112656504876184,0.28372142338407,-0.01556196048457624,-0.0008380755071427659,-0.020794117319287694,0.014403837036717881,0.2750515895509932,0.20065883733998946,0.24965911175152466
IgG GSK pentamer,0.13945292748433383,-0.16504124362938427,0.04980291527319887,0.13580742988468128,0.26365178647519977,0.3079285510568366,0.24860281246223834,0.11427526229078946,0.15359067379129868,-0.113758325351208,-0.33520881753277454,-0.16120579943273014,0.005902001047841221,0.10430703231023697,0.17283105119254583
IgG GSK gB,0.022191203086867756,0.26388801649264254,0.23189842561581162,-0.21145845592019227,0.2005598686551238,-0.08560560589284258,-0.1957131754242844,-0.2565938200538483,0.20843348880613521,0.24476831575619576,0.1555520492083387,0.174879595021889,0.04529649206667952,-0.13464401096805448,-0.15992431679620683
IgG McClellan HCMV pentamer,-0.00029490070392457213,-0.2127388663854103,-0.19120746461203442,0.03750060950752743,-0.11044156615421812,0.04589100300686694,-0.3337547003750453,-0.09467857219185152,0.2542442592460714,0.17425237455054765,-0.01845729511044683,0.018749263695189478,-0.12669564561226937,-0.07797657825970583,-0.08560117536074582
IgG Native Antigen pentamer,-0.052904194117647435,4.876999392940118e-05,0.02082920273401842,0.012679080762338993,-0.03913616215954834,-0.15786111094986277,-0.10143246288465127,-0.18496421809438593,-0.011096002688516807,0.3703260686537222,0.27297352112857154,0.329680912691923,0.3818840331393811,0.23281799636038486,0.27362024314446276
IgG McClellan postfusion gB,-0.30724394411128964,-0.18983175889375647,0.14840308268983157,0.0923842823588328,-0.20615783220165934,0.013720754813209418,0.21049292766243985,-0.15661130481648647,-0.093652385486065,-0.14146151133786564,-0.04619554215694302,-0.15963006915501904,-0.27786232712074677,-0.3570674122531866,-0.3205087119489346
IgG Sino gB,0.1190388012290638,0.053727138810763936,-0.022192124974579147,-0.09962099796274165,0.22637368670311991,0.0006732824158200909,0.06112181178991764,0.20883647145764953,0.1906316917222902,0.4619607684123821,0.37415206103337745,0.44634138562438413,0.3745236678500025,0.19960505092622102,0.205345328130414
IgM CG2,0.16439357894366854,0.054125375633367806,0.2709646032490199,-0.025476678220038865,-0.004412082028471889,-0.40554716214322595,-0.3747488353179056,-0.18196170163023387,-0.47821244019800735,-0.15137846904953356,-0.10341064677763727,-0.09207718591357561,-0.099961428167331,-0.06755891218685431,-0.0006408388460901471
IgM CG1,0.09701730560171468,0.1330178288825694,-0.3092360398088564,-0.03406418345602252,0.04574361539952946,0.17541242171845098,0.22261242564409792,0.27886245011226196,0.027504511480291996,-0.18227443119280262,-0.08648766614741091,-0.16374938097068498,-0.28967863118864057,-0.22620261906844402,-0.32603790291355916
IgM McClellan prefusion gB,0.05668159436823629,0.07527095588208743,0.04134284285364674,-0.000157839566623727,0.14216255795756738,0.17047097043705592,-0.08633339195653392,0.10209077740122685,0.03649000314426504,0.1245053894467185,0.0520267650794702,0.09989456274586546,0.2626638997785258,0.20557321090598896,0.22082996568654834
IgM GSK pentamer,0.00330352207167324,0.22416551152358108,0.17444210946469305,0.03089637287595126,-0.08455682398385593,-0.14762135221533618,-0.11008951263387429,-0.12673231636589738,-0.1976608766186561,0.08915265973401128,0.09636804391391794,0.09369939065984245,0.14113073820672567,0.0935973960953233,0.04804929231878724
IgM GSK gB,-0.09202109208923177,-0.14514022905468293,0.12441218487068822,0.07767078000636982,-0.28369026222508353,-0.11506469587005067,0.018980011669053706,-0.21390971884508092,-0.09404395364371644,-0.09484339254105054,-0.00015723109174768657,-0.08340023958288606,0.10732769357465388,-0.02187044261281723,0.013212239044516294
IgM McClellan HCMV pentamer,-0.022864046294883256,-0.12378640734018766,-0.18251167581966232,-0.0655457380016123,-0.35438228645546427,-0.21705764141008135,0.010169848230070458,-0.3290498984673468,-0.22480705201878015,-0.019760315447145876,-0.0039704465254125215,0.006056333040523082,0.031072262355137853,0.0096342092660259,0.04359155976034851
IgM Native Antigen pentamer,0.014318048562091831,0.07417631185364792,0.05692816149041767,-0.005903582457532391,-0.0495103637253728,-0.13599143835687072,-0.08976240002676307,-0.14771404231487034,-0.0950931413036185,0.06030060346378174,0.028089821455252212,0.0466224619067947,-0.01256448386170797,0.009870595280063066,-0.05255278992657636
IgM McClellan postfusion gB,0.06468960870045638,0.07665930192625592,-0.08145168772633668,0.061557713809785086,0.16486577388829288,0.2981190429776629,0.045983330861485885,0.2228064961228799,0.19947266817814996,-0.07343219188175411,-0.07896377188372342,-0.04684542027239226,0.06210317211830138,0.07402597488183518,0.1204688228098216
IgM Sino gB,-0.09046098965911001,0.10406942351814016,0.37230825786013777,-0.027841674255541696,0.11306688943517496,0.05580635977164151,0.06600888583804443,-0.04321273051493385,0.5632493801713759,0.1446223803257633,-0.09807886936617191,0.022741150578699923,0.009555044175287908,-0.024360108300840427,-0.07104544847994931
IgA CG2,0.010161717971365725,-0.09158090905016714,0.0738658340927287,0.0197032970324114,0.03060022522636078,0.023132984436961095,0.13492460448493715,-0.025574667446657443,-0.12642146492286493,0.08221118789063633,0.07064600410325744,0.07310839934138132,-0.022563681928353202,0.05467465555804499,0.04018424335249873
IgA CG1,-0.07814861886332661,-0.22593692930164552,0.05610624244302119,0.1562555398125491,-0.20760183357863035,-0.19385467453201718,0.01209042155356796,-0.16635913543520792,0.02191030780703919,0.0047490592548557475,0.20543366212804942,-0.010571981065048683,0.12206775172377843,0.08053498522974115,0.09947982077573073
IgA McClellan prefusion gB,-0.10502645718143638,-0.0854465437694871,0.023572314207799178,-0.005449761106650491,-0.10454799896176273,-0.1712550111981433,-0.16105031805578704,-0.09036839626399192,0.09465639381522517,0.023996979350218134,0.04384195744781985,0.050557940531130066,-0.05088566390892563,-0.047550499735507123,-0.03486186151835785
IgA GSK pentamer,0.021385905912043854,0.03264266593452349,-0.06138266286964693,0.04283012569655918,0.0608188703886023,-0.04712473473447647,-0.0971155556310796,-0.010858674069030724,0.09941825055641987,0.0023958722412074918,0.08727191240376542,-0.037901913527666115,0.04131721906581626,0.038458143211149515,0.051385189491671895
IgA GSK gB,-0.11171594672101665,-0.26434299296781966,-0.09247978954986492,0.02216053398066152,0.04553665773823933,-0.02653511603888733,-0.15498742782035532,-0.16560495099111988,0.3079537017643823,0.09180740671521612,0.13913026650368868,0.047407540909403065,-0.028370212998151317,0.008153910533478831,0.019286091347694462
IgA McClellan HCMV pentamer,0.11034288102035189,-0.06150776870233679,-0.030296707933558334,0.11150223726006302,-0.05585340960161832,0.04364924574707332,-0.2269321623405246,-0.06088269929233293,0.1297776535252969,-0.0911578263729323,0.14585497627640012,-0.06599047080974096,-0.0424137140239961,-0.010674573525147418,0.005554331952775465
IgA Native Antigen pentamer,0.1224903589320461,0.15380062405777184,-0.0907458067685209,-0.06492886539073073,0.08044211512952047,0.022378400899699176,0.008435709666213626,0.09683273756168309,0.04513670424053984,0.008837309885177252,0.016711168176132468,-0.02995894912208337,-0.018196938037715854,0.01065185415444525,0.005265766528027627
IgA McClellan postfusion gB,-0.10385089211067816,-0.13540358448907783,-0.1649248284789501,-0.03805753692958201,-0.0384551152459011,-0.15967728521182195,0.019668032845406094,-0.01343672155266451,-0.06450878870247626,-0.13055282486487696,-0.17570451843949225,-0.17638832677218055,0.05052336777128455,0.025999581988043585,0.005209216956294477
IgA Sino gB,-0.11164703930718463,-0.007315575936527818,0.1869390190731903,0.11709186683133704,-0.024909823796586378,-0.022615479850386956,-0.14071997839290104,-0.36943994767322574,-0.16511286965396652,-0.12671855260943782,-0.12850375416810503,-0.11055882109187147,-0.005544306216645256,-0.021261167627109195,-0.01692090566628915
IgA1 CG2,-0.3040433621513855,0.04702414938829397,0.15461267257801103,0.05764927879944541,-0.1351035657766216,0.04468551075512907,-0.1146940898334997,0.04000980400477322,-0.06338601306052305,0.6238459571062169,0.38785314427936135,0.6996052452322783,0.398774270521443,0.28193467901610114,0.31284005244411633
IgA1 CG1,0.07707770012075114,0.046722880837210184,0.033703926709732906,0.005089529044479915,0.007106782978800588,0.006570315568293267,-0.12842621122552822,-0.08277470322027057,-0.054389785004213154,0.23831386447785902,0.30290344459566443,0.2536008936249552,0.12321920854100063,0.11128190817591249,0.17204561306138738
IgA1 McClellan prefusion gB,-0.05498659843271424,-0.02715633645146945,-0.06671991090012884,-0.013139113590969892,-0.057083432125722214,-0.06377782249531211,-0.08352567784549521,-0.04262307565193034,-0.004393142588435137,0.01603666766867745,-0.020915256703567642,0.014117482279489627,0.0033082680719468405,-0.0021650230851062435,0.0029862555979954797
IgA1 GSK pentamer,0.0031822678158228146,0.01169120133552018,-0.04067600544267623,0.018356902284277596,0.0011533639799666331,-0.01104751501584545,-0.03063625949426617,0.010556048522844294,0.016266588815127547,0.029425555183960506,0.03196296765575386,0.02023338287768016,0.016993730882110702,0.014922212889421804,0.022491210052987598
IgA1 GSK gB,0.015295288774615418,-0.03310677708237156,0.01905050114142187,0.034162585930913855,0.019743174195257097,0.030184817146429635,-0.01880743793773132,-0.019543801444065118,0.11336181210977167,0.06396675073080385,0.11844666939287816,0.06951407806692966,-0.018971876708194252,0.009184461461612864,0.04035984134938536
IgA1 McClellan HCMV pentamer,0.0016393414499825537,-0.0015063377627466124,-0.05253695861337532,0.06128142937987424,-0.0627234521359117,-0.006532126054253476,-0.03575491243985153,0.04355367201623405,0.13719127724553537,0.05965270838183892,0.07720107052447411,0.09878536704566317,-0.002814535180494848,0.005836410205127346,0.014255234056586769
IgA1 Native Antigen pentamer,0.014439984010644516,0.04654368768237557,-0.025089829929241317,-0.014866205541711877,0.017358133048157934,-0.015890823861252054,-0.02159248144314263,0.008258438467400805,0.04425793394649767,0.02376940963154206,0.024663461696282113,0.00970650693297856,0.001863851671973893,0.0017006945612966229,0.008741118862130026
IgA1 McClellan postfusion gB,0.027393759939575657,0.088551128962298,-0.055570745188864276,-0.03141441647445428,-0.0008357880868622505,-0.00943308314529312,0.041862701694564505,0.08618088766674531,-0.06536086401437394,-0.03284921599466778,0.00013989834400082723,-0.02571098205344985,0.03354987860806288,0.027644221555697512,0.03241042985419698
IgA1 Sino gB,-0.06325255445372813,0.007125379100786977,0.0315872900639233,0.03998223193785061,-0.017858806007567028,0.0009283976643875425,-0.03271953218148771,-0.1298704228500335,-0.07839486170349516,-0.02281924348121825,-0.07239457445282316,-0.021442376419801637,0.002630232691546913,0.0030942479935705536,0.009018556143936596
IgA2 CG2,-0.17193048847361833,-0.17738261745200554,-0.1641401114406806,0.030500812057790913,-0.2518357814947437,0.17245721618339846,0.13963188732945428,0.01503398336033937,-0.4748223277223033,0.08481780254499516,0.003929343891910575,0.002854255849009904,-0.13825252010863473,-0.03851200529368043,-0.04492359506729854
IgA2 CG1,0.014126191294821802,-0.017103212487679292,-0.08062164664210106,-0.008358944586494804,-0.1677690192387246,-0.2835744914478258,0.15954096319492742,-0.06474393607128859,-0.36257239956770815,0.045479871342353526,0.16644405331280776,0.06257365765360332,0.24197703547434013,0.23703681047863973,0.2517307647827422
IgA2 McClellan prefusion gB,-0.0242768684976451,0.015580788232687742,-0.011143766366078361,-0.004341545835833599,-0.026312833162745096,-0.021420414506928907,-0.027940298969980792,-0.032563040826355104,0.00029470749877633096,0.012218853649431205,0.00640541728552331,0.01509921018217339,0.0002237289480869209,-0.0015748078827220735,0.0018528814680736916
IgA2 GSK pentamer,-0.010215501665301177,0.01715662029836036,-0.00889139073857291,0.008862112733859923,-0.01683131704005307,-0.007173550934775931,0.0018529161287142576,0.002461861903660087,0.013484681313331526,0.012332632375822744,0.006726460954161448,0.017505499101760635,-0.017504960837360806,-0.00835293494831027,-0.005385919501377401
IgA2 GSK gB,-0.030036160721194444,0.012512082373017555,-0.017843984621646963,-0.003715346492342189,-0.012891151642147804,-0.00752817473913709,-0.024887632297755702,-0.024708763470446107,0.01526143206916522,0.021525668732680317,0.005705855321970599,0.01998346915279993,0.0077569257474042475,0.007286268592879647,0.011786904553411998
IgA2 McClellan HCMV pentamer,-0.021906929514554377,0.001295626069975589,-0.04767570100097185,0.006959951110895618,-0.0356172857969511,-0.004537018159727228,0.03620386291805419,0.053682368444603695,-0.021372421157949836,0.0120941321234323,0.0017817317624249096,0.02103577466537654,-0.056588969862071764,-0.02651056181464556,-0.026418368044303003
IgA2 Native Antigen pentamer,0.010957077221399228,0.04068131024676934,-0.005835817867585746,-0.012759670566260164,0.014313263863174878,-0.0017553544053209372,0.014513388507202685,0.029759626567972493,-0.011023826894691197,0.01165892684130293,0.006846704772526482,0.011182311641383127,-0.002305648922613923,0.00628722100425283,0.0032058329192974078
IgA2 McClellan postfusion gB,-0.02194548983800125,0.012336468372025317,-0.010078356788998571,0.002758023364015566,-0.004785411515913177,-0.008733336962353178,-0.015067435585813652,-0.024502590265207937,-0.022652166513848618,-0.01741642882933836,-0.023204746965038173,-0.017064389467782243,0.02913294242735126,0.016987289717583176,0.016875777995326385
IgA2 Sino gB,-0.006782053636017582,0.01716908152528157,0.0058444844166624516,0.009935873617581636,0.010219547571149588,0.007383600439955194,0.0009226361618161621,-0.010814532867241503,-0.0214380195695216,-0.004846196733246544,-0.004101726700940819,-0.0002844454002955549,0.013438245910286334,0.011123492087172449,0.010410156813766724
IgG1 CG2,-0.10091776584526076,-0.332624337114269,0.25600597187078716,-0.13200117655893082,0.04469572508016004,-0.18134689608697185,-0.16585210128856154,-0.12643761858130015,0.2209464031247186,0.14394599010022754,0.10661125942430319,0.0677214345111256,0.13604060272790736,-0.0012400950474436567,0.07542308659016289
IgG1 CG1,-0.2343261451819598,-0.2682619112655724,0.10783566287578153,0.07401393569181558,-0.4832075341440347,-0.4578198831075525,0.22070214067331184,0.17220662071593063,0.2272746374300249,-0.03707097621737229,0.10216311857134652,0.02481201156606408,0.01835487849423542,-0.12277846495516873,-0.015239036640811943
IgG1 McClellan prefusion gB,0.049190051233522485,0.058891069749039585,-0.10431904310889153,0.21556151005033453,0.10217761813548701,0.11185846594001438,-0.03388202028442282,0.1239344591451177,-0.062192045326784885,-0.07291949842133427,-0.025745417677545443,-0.09017509576710447,0.10744413811152057,0.09021139901025091,0.07530661960616958
IgG1 GSK pentamer,0.05223724841687818,-0.09617201132221811,0.021367916764314557,0.180245779851386,0.007760695273248484,-0.045034484353332405,0.08370699989886997,0.047153178118569374,-0.13813073472283294,0.16706132283576813,0.0865945246724425,0.1240699820715204,-0.10357692916803063,-0.07362264831400703,-0.08484562297780435
IgG1 GSK gB,-0.04904992329126048,-0.03129255079111479,-0.19137618960266436,-0.3049782574151926,-0.1641405143532022,-0.29875657179427506,-0.08760431041981012,-0.2599443282337714,0.0023365657357449637,-0.24710540306513298,-0.1018212362994464,-0.25566037039035727,0.007906254684002995,0.0027228748981533157,0.07897362852928991
IgG1 McClellan HCMV pentamer,0.07951649244230508,-0.10312110780501588,0.12065470254133637,0.04701139943326553,0.038763355413183515,-0.0530225886691546,-0.11217527767374094,-0.06851870085225864,-0.3897205857689271,0.16613869989161,0.02798728712242226,0.10967543683759076,-0.2508055447846949,-0.19577775905463451,-0.1755250801608796
IgG1 Native Antigen pentamer,0.029364375625929043,0.007216149560632143,0.017271200223730174,0.004315310690417448,0.06699967886363445,0.012034378175152634,-0.008297735731177813,-0.01270455981637647,0.0553548624044647,0.003659500291934098,0.013422983614763448,-0.00911045178902907,0.045837176096511084,0.04630556745830228,0.05780567001019568
IgG1 McClellan postfusion gB,-0.10941473605172702,-0.03179473675010561,-0.024716069684421707,0.18319894500510026,-0.012063828491584778,0.18613896957711185,0.10530552076906063,0.15713795877223802,-0.07733379548538338,0.014534440145712313,-0.05000306868744743,0.06279886892761367,0.0903190184584452,0.07975451243707313,0.008572285102802113
IgG1 Sino gB,0.10367175811879081,0.022427518944260233,-0.12534771088672117,0.19857264681173406,0.22263779857829263,0.1827487901761639,-0.05781804585910012,0.09480932864131411,0.17127631829141218,-0.17151983189602826,-0.15479085279621668,-0.1859187267155798,0.1323892959809995,0.1135756036513991,0.11567881944464342
IgG2 CG2,-0.1897346478910085,-0.14775964583391196,0.014517431278859155,-0.09991884791943834,-0.1044296606179476,0.0073819365777105656,0.046807125103081715,-0.16484158439965124,0.19804580736816202,-0.03925480158641986,-0.15897620628953474,-0.004675865694794751,-0.49918011483699987,-0.3737451218703441,-0.47968812228750835
IgG2 CG1,0.027500527826250856,0.05270068730858965,0.041570849022531206,0.016702706354152913,-0.006255144737921901,0.17097332356356,-0.1102570915786341,-0.05485865372218909,0.1997925601820953,-0.04877699304597699,-0.05546180885574904,-0.049045666265025864,-0.1723908474264275,-0.09215671605174072,-0.12688434033920462
IgG2 McClellan prefusion gB,-0.02058769749093156,-0.03072812964756405,0.03282013632321128,0.004976481347702816,-0.01652836875629196,0.012991873584527303,0.0002799183322383936,0.011819218131001993,-0.03779793259252177,0.05128825081882543,0.027293163488659275,0.0662041353013687,0.04678932627377835,0.02840437261731793,0.026481551012806193
IgG2 GSK pentamer,-0.007752788588006779,-0.04244205262153743,0.03004352256891092,0.0043213749117001765,-0.032807310955511794,5.46240164411016e-05,0.033179096511151196,0.01430066305801135,-0.014016671544569342,0.08729711316471311,0.03600088455418848,0.11227606911857654,0.06391390427649415,0.04430539843511455,0.04107914300974669
IgG2 GSK gB,-0.0050777782567683755,-0.06366709929073554,0.06569103557592275,-0.0005309755213822875,-0.041464435200013694,-0.007768278855323184,-1.0560789388658343e-05,0.016082610651971307,0.002208545093921002,0.09152491026893192,0.0413855064971142,0.11462181565959237,0.04985565355265739,0.020944046834901225,0.01418089673354872
IgG2 McClellan HCMV pentamer,-0.021567564265349976,0.004644389960386797,0.06620706005867705,0.009136470614656583,-0.04498746607514456,0.004963985940988756,0.014587580890487423,-0.021073026569426723,-0.03394549847092182,0.05774427803231333,0.0038430526506465085,0.09004013988411307,0.09808381205964245,0.06108426627087887,0.04717398085017846
IgG2 Native Antigen pentamer,-0.04876083091305458,-0.07299855350837442,0.0392242482310093,-0.006673346985923034,-0.07336362043412568,-0.034789990685420234,-0.03431091773706792,-0.04759680598292289,-0.025643231163226754,0.13925160724276794,0.0674651821369133,0.15894372789151945,0.11341297833920438,0.0672365562524605,0.041586764809668414
IgG2 McClellan postfusion gB,-0.016405169408985842,-0.051527164422038765,0.01970387046726016,0.000994943269207585,-0.025937348257361367,-0.014407989014855134,0.007251282597487196,-0.009198940358766228,0.010819766862700489,0.07117312304146733,0.037112863667357276,0.08063531797263974,0.06988836619304248,0.04467265388817335,0.02722935622915862
IgG2 Sino gB,-0.024508374626604615,-0.045421851859456505,0.052113877378901705,0.014648337967189326,-0.04512386561884282,0.002442909563801554,-0.023656739942873026,-0.03296127677067657,-0.038866472052475357,0.10057531713704462,0.047861118254881645,0.12180390971959001,0.06939874370441196,0.04142047350316744,0.02829833281811836
IgG3 CG2,-0.12288235297235914,-0.05042655053721665,-0.04472272986834998,0.13253231844212252,-0.14248951158461956,0.14378982277677668,0.2576253465489208,-0.5643314887372495,0.040941865938140025,-0.12372108061169015,-0.34100861825435935,-0.20727313666530353,0.01627329376259909,0.10808707224896291,-0.04240968745315679
IgG3 CG1,0.12650824983232528,0.12806192810639952,0.11314633084310227,0.03612214847049762,-0.07346168799020929,0.17193506725999974,-0.21145704561144674,0.15098307112359918,-0.03819684060632719,0.022877962349163353,-0.0767917359599242,-0.012068279870001114,-0.025710762495034067,0.0012950036562321132,-0.004825492940769727
IgG3 McClellan prefusion gB,0.0689889169888905,-0.15403961569170668,0.2325518400047799,0.16669668523008807,0.0179004827010677,0.04887223121929148,0.02094746396726878,0.04485338093140076,-0.1023882427803069,-0.04279593709116361,-0.04632168144149129,0.002605574167751784,-0.0454055982080436,-0.09955012945955141,-0.1065532845209296
IgG3 GSK pentamer,0.26403425363966304,0.04159285812835797,0.051918762582079156,0.12659493964463248,0.17592759379077,0.11206149315924477,-0.08595183988067494,0.007389901767440074,-0.03678087227121633,-0.0440059781048221,-0.01635619084533929,-0.0834744992920201,-0.21392811267369186,-0.21248752758592004,-0.2670181357343757
IgG3 GSK gB,-0.38085405357335395,-0.23182702228740854,0.030010750737072087,-0.04700434787350699,-0.35187325901105615,-0.2934337077201473,-0.06657017282022029,0.04311978181534904,-0.09733962947360938,0.017109351860356753,0.009083401158372542,-0.04907767471820357,-0.07146267585558402,-0.21740432553160702,-0.14636155883112825
IgG3 McClellan HCMV pentamer,-0.09246481145633711,-0.048401340759195666,-0.005379627164596765,0.012832280496195544,-0.050151078291335825,0.049836950171581997,-0.229832995390139,0.06388700223704352,0.2677248050609746,-0.08904942693306978,-0.14340818364944252,-0.08969846205076672,-0.18384238373647105,-0.19844245115632442,-0.2011532675372197
IgG3 Native Antigen pentamer,-0.03685906449021151,-0.021859099973620635,0.21230235756345203,0.2936026586434254,0.030649018477978976,0.02243963837569548,-0.07815912778408035,-0.028609605193690504,-0.07298357496775304,-0.07165148923868819,-0.025553773540689134,-0.03772770434760296,0.014885159430816308,-0.010362416405176933,-0.009585905564531566
IgG3 McClellan postfusion gB,0.011241975570849189,-0.1551395401096691,0.2283041413589876,0.17676837279981883,0.010120212020533509,-0.0024180413910860066,0.15381203644670727,0.13232435438779938,-0.06265644165954505,-0.008289992697468523,-0.07503346014881976,0.001456560634331333,-0.12480010512498488,-0.1716109672445123,-0.17507947025778514
IgG3 Sino gB,-0.017885201033214004,-0.1910264368247662,-0.2130966142640629,-0.12389145692420826,0.1053205567050917,0.051254396588306154,-0.0037583646372521956,-0.20016193149661415,-0.19031068346371308,0.31347885991982444,0.15914205132520584,0.2671658300918171,0.08481809589016229,0.03556890297203821,0.03761882548228024
IgG4 CG2,0.002209725638461557,-0.00016458069802409436,-0.0012811579083770869,-0.0008007596554787944,0.0015328701071211925,0.002155812472143123,0.0063773419880455845,0.004287398542910825,0.003889723647663809,-0.00437306740675511,-0.006017234663031598,-0.004731451239758419,-0.0038710981834096103,-0.0003648608446512047,9.204742155380363e-05
IgG4 CG1,0.0023915917170598405,-0.0005733717954840845,-0.003159310617861358,-0.0014840853149715866,0.0002687781063796385,0.003750048956171023,0.005345800795849259,0.004029168428929586,0.0021312796848109578,-0.003974639763729942,-0.005003545577246929,-0.0025901727658357437,-0.004232200633251665,-0.0009307895385565201,-0.0002711469714668513
IgG4 McClellan prefusion gB,0.0021333597534191062,-0.002314843712013237,-0.0014334495191799385,-0.0006659852663638416,0.001331529102203903,0.0015406732547320959,0.0041452463660582445,0.002114102237446361,0.002380989228268779,-0.001733267933826027,-0.0027872772170143972,-0.001926554797375024,-0.0016323787259465428,-0.00011750159407450389,0.0012395780321804994
IgG4 GSK pentamer,0.001163451459682746,0.00029038209908728574,-0.0014901809925321058,0.000430819517957981,1.618669865307426e-05,-0.00010938170883628001,0.003532442646322409,0.0017858712758171275,0.0014805780758507803,-0.0008763868246295936,-0.0011919313335388149,-0.0011136894581088158,-7.005145496896681e-05,0.00030621139941180986,0.0008011635481049439
IgG4 GSK gB,0.005570775784066229,-0.0014141399740214,-0.0018503952749673452,4.4365096929094294e-06,0.0008748545521796644,0.0015998905986188,0.008410265740229017,0.002598783728694612,0.00562343059340098,-0.004677331441491239,-0.007201045821993088,-0.005672859700954505,-0.006210439477857849,-0.002333696514433631,-0.0005812255063853966
IgG4 McClellan HCMV pentamer,0.0007503247186445988,-0.0015672601212234072,-0.0001920464229941271,-2.827281837340656e-05,0.0009965695927089957,0.0013069243678385384,0.004600827527824328,0.0019823223205033685,0.002565680019851954,0.0005949950817368266,-0.0015069493396990957,0.00043274639610499377,-0.004016825586849654,-0.001362632327017138,-0.0006694910942070531
IgG4 Native Antigen pentamer,0.000837484348964565,-0.0006791730719775541,-0.003355783933375045,-0.0004910990509554153,1.8949561713596519e-06,0.0007776242806317793,0.002986441901390899,0.00048651119057355197,0.0015240602164551253,-0.001172842838566751,-0.0017535964479927502,-0.0017791190197264106,-0.002121518409580858,-0.000558014316079769,0.00010957284842033621
IgG4 McClellan postfusion gB,0.004839962750373211,-1.755453008567276e-05,-0.0009328242157812666,-0.00011351456622324396,0.0030893645488934626,0.002615304696949289,0.007821063933710626,0.0037369148141841585,0.001586230411896969,-0.003846713655597994,-0.004979180925206619,-0.003920498404354517,-0.0002368851762133417,0.0019045100238943846,0.0026155674530990436
IgG4 Sino gB,0.0002094147261764573,-0.00048026726143590714,-0.0003761675070076548,-0.00019123796301026563,-0.00013635711700678982,0.0007067777477537604,0.0035759356882198445,0.0014695905271878001,0.0006112766594956603,7.890299805513035e-05,-0.0008721628560169198,0.00017038251459269849,0.0005307216027164996,0.0008164650857146183,0.0013981648046762774
FcAR CG2,0.0939403926857576,0.09113010976503354,0.22411286706977032,-0.05303455718647335,0.09844784546935698,-0.04418635482441226,-0.18321658800706714,-0.14162229942930193,0.03621982207570339,-0.12466648037049521,-0.09824815192204026,-0.15097096206185853,0.16383009124254932,0.07078501966060946,0.14198861937245866
FcAR CG1,-0.001106310953761902,0.08671294499101644,-0.12391011724525292,0.011132009126149214,0.08630637481781789,0.2090734565171088,0.20448140299874773,0.3636598636486066,0.03662155227886298,-0.24472421418577278,-0.15562161316866624,-0.21795197055684476,-0.20557858434646054,-0.17146446997462564,-0.2635546934509875
FcAR McClellan prefusion gB,-0.041641664705862,0.061397278590930526,0.05905095486620235,0.021940545038571416,-0.12299392051461376,-0.11521751472530928,0.020094324610316266,0.15789747769601817,-0.04466887298968593,-0.07866777921653417,-0.07716067439935777,-0.09132660381911693,-0.22739215338259167,-0.21645294363341566,-0.23623708124117754
FcAR GSK pentamer,0.06022098021577198,-0.16214482822926127,0.1260438143623992,0.27024031936594545,-0.16393044827778241,-0.22570162700424887,-0.4540747687015464,-0.6596287958085637,-0.4565304457063494,0.13095921556781315,0.38036593129193075,0.09188560635379805,0.17469830603893924,0.046545216404719314,0.10307467746541699
FcAR GSK gB,-0.04930120420650756,-0.21181276212965602,-0.09677085848527302,-0.07339653820232722,0.017147909701889542,0.04720504088920279,-0.05057505378649682,-0.1669199636728566,0.09814713340385015,0.25090120160709006,0.11812691812816144,0.16516046376390264,-0.16212616925628773,-0.0831988179329525,-0.12790728588587044
FcAR McClellan HCMV pentamer,-0.13182960015811523,-0.03728685965475298,-0.1777134548695263,-0.026433660059940467,-0.2051308994095714,-0.1222817728968147,0.05825983213837066,0.059647632795051184,-0.06372574424375507,0.026396987992124726,0.05837655058025683,0.03381422776485521,-0.09138671767145173,-0.10624076243673497,-0.04761321773565222
FcAR Native Antigen pentamer,0.1146832335447303,0.1914324081759358,-0.146839861677215,-0.06307139238535284,0.13816636578000668,0.024230780751612224,0.016235394619025414,0.14044271965067465,0.1319521414211067,0.03563804976283985,-0.0003541509111973651,-0.006907518306534882,0.011743236510518923,0.023706899849185586,0.01382667242304117
FcAR McClellan postfusion gB,0.17998646761558762,0.36876503263459753,0.22808485113854726,0.02998919483854605,-0.0598493192910963,0.16475666902803265,-0.06323854247750571,0.11708260040844251,-0.18081699110922594,0.056201222589484526,0.1271565724272117,0.10136426998685044,0.31780260111679276,0.14217830594229683,0.1611920054977065
FcAR Sino gB,-0.0798328675191623,0.16074958419290744,0.09895472168648861,0.0019208102871335203,-0.04876164863652939,0.005458601053088034,-0.017358710982985345,-0.12017073128630121,-0.1645277651847938,-0.21552529811431587,-0.2166375057731492,-0.23105355895416502,-0.26585932052778993,-0.20138746014132508,-0.1984532920227792
FcgR2AH CG2,-0.09038289277449332,-0.07745293898101097,0.3547972271341816,0.17510293908654437,-0.027146693997118526,-0.02567530550747161,-0.016453433816267266,0.0748306436703293,-0.032414702766165884,0.16794546689925863,0.18237259841295558,0.21482177743385772,-0.03754702436958085,-0.012274350227899522,-0.00043891379725116697
FcgR2AH CG1,-0.2649110021279042,-0.09781530841656305,-0.24817250860839257,-0.0682522516188136,-0.38793017598902974,-0.10654216888568332,-0.1327078455698002,-0.21772398203597793,-0.2778578834044012,0.0289592943874631,0.06038087429083086,-0.01054561687287038,0.3198039916351394,0.24593527468230697,0.26202721159655035
FcgR2AH McClellan prefusion gB,0.2182012052883048,0.337993437984152,-0.017251329701672202,-0.08468101987951598,-0.020501987408988613,-0.05351317043466157,-0.05219113730739244,0.09401573248290478,-0.2099652374063146,0.20359667352625135,0.19176238429335254,0.2381129618999071,0.3345835522127107,0.3295797720988439,0.22185188992332758
FcgR2AH GSK pentamer,-0.1366871937827331,0.11993257389606378,0.1235804024433273,-0.0293335443872198,-0.2633725778674956,-0.18751312084192268,0.08919747055969103,0.22092966158603947,-0.12562480911288443,0.21407950171960757,0.3489441834021414,0.2697946337601989,-0.05906416596460229,-0.12845466993321988,-0.10040205627248633
FcgR2AH GSK gB,0.016909729654982636,0.21288927928921317,0.13177491057137378,-0.10261183633686292,0.04382526410951915,0.10955660808480701,-0.1413876135396751,0.005011381585580996,0.16227951507747426,-0.1386425755023363,-0.09301022741670653,-0.018341628287177364,-0.21246256099687455,-0.08496526226694998,-0.09455239857400016
FcgR2AH McClellan HCMV pentamer,-0.2164511012787631,-0.14856610614761034,-0.22368813981473584,-0.01901767553768499,-0.236399589629673,-0.1505955559190521,-0.32891237060817374,-0.36307111617554744,-0.30443062815571126,0.1385791042578777,0.336845320130418,0.05802923247746203,0.2858193705005355,0.19031555932870664,0.23953186552023847
FcgR2AH Native Antigen pentamer,0.12284186163334394,-0.04514169303604737,0.2298804206276407,0.14582558369798856,-0.015830808307953588,-0.13934001522304512,-0.09516899004992575,-0.11475115814339479,-0.1346736556964629,0.26305755826070987,0.22706391829612865,0.23073764332281085,0.4384838158206538,0.2827979666808404,0.2936331548685522
FcgR2AH McClellan postfusion gB,0.019415995673503328,-0.2665033126443359,-0.08029802231011365,-0.11217778862730625,-0.20717143650193898,-0.3668617551149849,-0.2326659854925238,-0.43733599621743335,0.1820870373237326,0.2018186814086077,0.2153336332272274,0.24126195477501675,-0.11153385508273805,-0.13499449443285158,-0.01993345266261201
FcgR2AH Sino gB,-0.11849920408567265,-0.039902120607570174,0.024642945532535848,-0.060920845945680216,0.05892639335058843,0.06004608421796337,-0.15623370304195794,-0.010438786825899826,-0.16256401461310332,0.17001724596251552,0.10904814792740627,0.22418631918873744,0.03692267066348076,0.09133756939638346,0.10551272630607564
FcgR2B CG2,0.12638834902982166,0.012890800910794628,-0.10234394475543018,0.009685263267606284,0.25381000045034885,0.08470720315261693,0.08035792362398927,-0.09108217477945746,0.2757574339826438,-0.41674315515705734,-0.3412863857482314,-0.4417483217484154,-0.1323736310748746,-0.07405221022166836,-0.0711796975146465
FcgR2B CG1,0.1089568122407773,0.30043359796228336,0.11853153836607408,-0.029333648886755118,0.07772018728517896,0.004586444008088039,-0.2695250473179633,-0.09851343954042796,-0.3109772213511019,-0.08579250949557875,0.12936380427864788,-0.139285564485964,0.09942999602831029,0.10046452772187847,0.11834155076047684
FcgR2B McClellan prefusion gB,-0.2451633893844023,0.1768492931695641,0.4530463646498914,0.021638886667258175,-0.026701452671486874,-0.1292617995945316,-0.12296806232120643,0.2594002155306575,0.3205702599856079,-0.014861350153712316,-0.11794161069914166,0.08088424464974482,0.3211387505450522,0.1125977144532577,0.07433029046575748
FcgR2B GSK pentamer,-0.1742375798984155,0.39968441337736316,-0.2581293561858229,0.19872550801466507,-0.16892918203119883,-0.34010746751644166,0.09771166298333639,-0.30746951489912194,-0.09452653650818117,-0.4015161084321273,0.004118718246938158,-0.3825532389063888,-0.19926830023615452,-0.14524887265565428,-0.13983830081856266
FcgR2B GSK gB,0.15790772145865078,-0.5052209254712308,0.1167009864722058,-0.05785487928816621,-0.07004967964813537,0.02216285490738608,-0.0977537508623484,0.050893377884746356,-0.1641964909158285,0.1695237432435429,0.14082924087151624,0.2630893644075807,0.0014698316479160034,-0.04507960383989654,-0.07230692652180779
FcgR2B McClellan HCMV pentamer,0.07378095385294584,0.05771276553807081,0.346649695568627,0.055061573485682996,-0.018968234520251447,-0.15286633432291846,0.0034501078181499306,0.089109326345929,0.05258796135562071,0.37572170017293816,0.37539776300295913,0.3515501328411474,0.2830863442707572,0.0716100450511539,0.20689695884283973
FcgR2B Native Antigen pentamer,-0.035001500630133714,-0.17782262442111244,0.012273420895377904,0.3036367769998002,-0.12684996674020493,-0.03257694920843239,0.11362000681160064,-0.1074016052963936,-0.14121988169680383,0.06953297051238763,-0.014454223274031716,0.06726087313032966,0.1817079187402506,0.12629469881425398,0.12344209203734186
FcgR2B McClellan postfusion gB,-0.014404503031278881,0.10458866888659141,-0.3013270797636168,-0.014851595922595162,-0.0020598656600087986,0.10312405856529534,-0.2509299746296956,-0.20726730616704106,-0.007582704762183853,-0.004186327153728492,0.0429214988828186,-0.013603106428896963,-0.14356744236706376,0.03679590531509122,-0.03953394841970681
FcgR2B Sino gB,0.11657385142930993,-0.111961843375727,-0.1812281131125409,0.27896593540446873,0.18348368854599084,0.021945029858611055,0.39863205919460754,-0.014736148322781015,-0.1402714359451495,-0.18908280273804134,-0.2088075943061011,-0.17846324465335664,-0.03951278970267216,0.09937975105843574,0.12987484262520668
FcgR2AR CG2,-0.045089726040987585,-0.21842329808191177,-0.056965584045210904,0.021512729898769387,0.01961037715501522,-0.20089774497032567,0.1299975994104018,0.10565930057842396,0.2774774665534222,0.0015168366487838814,0.06218682893765042,0.021784250713806866,-0.1402365459937504,-0.0499494432757831,-0.03397426278512525
FcgR2AR CG1,-0.08495360358723242,-0.4807846041577234,-0.0954571505702552,-0.07261695041774789,-0.3808102086541146,-0.394640363634843,-0.018759122924698224,-0.3825800777013758,-0.11663181897526628,0.05532732972052043,-0.05263219378910669,-0.01604816638914816,-0.017483236378543376,-0.06679266085315066,-0.15374679752728462
FcgR2AR McClellan prefusion gB,-0.1212873656495761,0.06282019583263718,-0.21066647451785897,-0.056408588926115805,-0.07259129687777019,0.13454803395241888,-0.03566341326375287,-0.008061641894130611,-0.029594726187132048,-0.052478623194262414,-0.20587960415253764,-0.0961000574347596,-0.3779820361719534,-0.13401852019945748,-0.08825096599770416
FcgR2AR GSK pentamer,-0.00010511211478002325,-0.20691494728053383,0.13839788484273075,0.012014709952234207,-0.2272261010493707,-0.10991392223161994,-0.4163978219324258,-0.1254206894038662,0.1665418239573567,0.11323746256413239,0.16682641624145494,0.19457206350452796,0.04238477539483426,-0.12226855681746698,-0.12743019852354665
FcgR2AR GSK gB,0.3048412020272243,0.6561370194570753,-0.22825626612717242,0.1278317519404792,0.1621166497749294,0.21607378164586377,0.03381591247828285,0.366358393099876,-0.14519394996544863,-0.3525595736331791,-0.3204615680055215,-0.3604489849495577,0.23754405522600977,0.21133658839378422,0.3161210383674706
FcgR2AR McClellan HCMV pentamer,0.07109491304639953,-0.06358230279351249,0.16697112351194818,0.023094632976860555,0.4146496347070282,0.2107969248094952,0.47554711649117976,0.42882234956965726,0.39195630066817,-0.16053480359518812,-0.05223432345367421,-0.1875113333844395,-0.2970628672244224,-0.283920323844029,-0.27778566507987756
FcgR2AR Native Antigen pentamer,0.01972263688448528,-0.2553522557933468,0.13154245137579973,0.28862716969846824,-0.14959695301889858,-0.10621385253951522,0.08781176590488023,-0.24339875958032725,0.01136557810430014,0.22824886958427967,0.13882785191394298,0.26770343715576533,0.3058271019235501,0.23020902664839,0.2452873764587758
FcgR2AR McClellan postfusion gB,-0.02764389104134027,0.09102709181626084,-0.07815049730905581,-0.03620585464201492,0.09828230886543017,-0.016377169022544262,0.23391773124782442,0.02323110215009492,0.09945610983552453,-0.04147336743369265,0.001969725386318774,0.003990031089769752,0.3694951697308391,0.31115493607257194,0.2622304567467496
FcgR2AR Sino gB,0.15517073504996887,-0.11856320808093754,-0.14952093593624555,-0.02033607492737556,0.16989799445499532,0.026468512552060987,0.13758992028739842,0.04426081091419027,-0.22345348006590693,0.12596731708060804,0.14253627631883295,0.09060805426475457,0.005666011522436926,0.09275313623115591,0.10338123845113412
C1q CG2,0.001283576468212519,0.1455564849128028,-0.09148558723264419,-0.0427161020241531,-0.02575834192504735,0.02641488065613725,-0.14805374872114918,-0.14369427118567288,-0.27942341455904335,-0.05637816208948902,-0.12706879800547627,-0.06424058738255016,0.0033202197228714703,0.03335427470457325,0.020398170429861723
C1q CG1,0.08064206766125134,0.24411208723148684,0.399427621298442,0.10753973867005129,-0.08300888910578391,-0.2365533411263515,0.017626715360275297,0.03151637680427152,-0.3616286094537668,-0.1265144143728876,-0.07873704514535283,-0.14039169789215833,-0.04961797085189465,-0.08946369744385338,-0.09796805712738274
C1q McClellan prefusion gB,0.021139668464786585,0.14349063690156535,0.08077501188011461,-0.07525380373811266,0.025369588141773015,0.0118771372487802,-0.1350462243924097,0.06149005049082207,-0.06231122328117455,-0.0430747188365264,-0.10321232553183349,-0.006688963154591207,-0.009756765553683933,0.013010956487901376,-0.010447237628541106
C1q GSK pentamer,0.24501997060008407,-0.07698773157989142,0.019541764895430802,-0.006184861574748776,-0.026303090956304793,0.13334338966782716,-0.26020988940273626,-0.2744037939978903,-0.16812829257205894,-0.08423820487700896,-0.05071838607358951,-0.07696828734470855,-0.30098789678132604,-0.15064521576903064,-0.21270421446228255
C1q GSK gB,-0.13271658152005,0.028091202589863556,0.5347222650464335,-0.07073751168391508,-0.37966856453402803,-0.49335665558353414,-0.5933232226117111,-0.47377481994950715,-0.5421959117790186,0.4152077157051751,0.20192842867200994,0.3715744238380096,-0.039968270641441705,-0.1491380707329357,-0.20215641512939136
C1q McClellan HCMV pentamer,0.2635388498586485,-0.0036058144754572002,-0.1621595579546525,-0.15860926714826026,-0.037592294457078096,0.09480452237048617,-0.4190440804106401,-0.025728046201120937,-0.10155772263966126,-0.18504255367009798,-0.1656639968250935,-0.2055726067127202,0.07314957626541294,-0.018961577401537644,-0.02149666074734599
C1q Native Antigen pentamer,-0.019564718533467362,0.05740104950824447,0.00852528641207248,0.051316019707205424,-0.039870078431284026,-0.06481981052879929,-0.1687900777892647,-0.15345498630417506,-0.30199937854118986,0.12515864001452773,0.08456492326060755,0.06642252120038909,0.17077441599760285,0.13405995021509473,0.10231457011259837
C1q McClellan postfusion gB,-0.02668368251017729,0.17346348136853745,0.44477899139223354,-0.05163082419630442,-0.03083286264746858,-0.05483464011903647,-0.32342446300497185,-0.23762161581622598,0.24804858841276223,-0.08321634249630624,-0.12564769096632367,-0.03434038813613549,-0.25118064692305464,-0.27934936613400063,-0.36899040332590893
C1q Sino gB,0.007258218453293636,-0.023115460385186054,-0.03994173534277491,-0.0027861889158268677,0.017370708300417093,0.0026072628787222746,-0.010736369845066387,-0.03329354610868235,-0.02715157919916729,0.06658178390096782,0.04528818203676601,0.05092716232392186,0.004472678268695296,0.0017419867306079084,0.004013741403317894
FcgR3AV CG2,0.09215887052243621,-0.1488593376172485,0.1487395283844407,0.016937984539854248,0.11692169286338153,-0.013109642135057623,0.4206261825031353,0.35524407581211004,-0.21437378830886322,0.358687948752797,0.1728013555187939,0.3313949295546007,0.1348172804667343,0.1394849537793996,0.1169663834141115
FcgR3AV CG1,0.20345010995894883,0.29331396507642526,-0.4477415646529284,-0.2437112048440143,0.38011031365151887,0.1753149254902195,0.892979613168039,0.3576709314135249,-0.24891197427812162,0.05290906032893139,0.015525330022423414,0.0713714504484736,0.13510046187158084,0.29534064883716193,0.30429310692640443
FcgR3AV McClellan prefusion gB,0.09311317627083862,-0.2636293729812967,0.18755719361202583,0.03250932080583109,-0.09928133730501408,-0.20002601859270458,-0.2823119332002046,-0.1362608010418454,-0.051130038631355935,-0.09553532630474611,-0.029627975357863656,-0.07353626111468098,0.07213259318244519,-0.02368945049880597,-0.0660292958929842
FcgR3AV GSK pentamer,-0.05097489774413819,0.7020391054460254,0.23943308849932868,-0.00601536701334654,0.11219051540991028,0.11738004380378747,0.048803327920635756,0.06505894369059789,-0.10082220172846058,-0.0006366540959777678,0.1215708082820327,0.009242816842751814,0.055045028155661396,0.1134735593260846,0.11251457289290931
FcgR3AV GSK gB,0.06588162556992122,0.05707773179903644,0.35481335963767613,0.19177578189732938,0.3246565060510603,0.2953325528732612,0.23462472300170667,0.37241839668060167,-0.448683235803206,-0.3219936832176206,-0.20898407711674843,-0.25079295423299164,-0.2492385748864286,-0.1991701673635685,-0.27791113954778757
FcgR3AV McClellan HCMV pentamer,-0.13838861336826297,0.11035368070135607,-0.18544083696913152,0.2064022318893907,0.12829317138298205,0.3313232632079671,0.05638582986471066,-0.399856978761596,-0.24070836824536448,-0.09965178560727478,-0.276674841149644,-0.10519746104886227,0.13035055724153427,0.3999077842780543,0.34936025790435105
FcgR3AV Native Antigen pentamer,-0.1575736688494136,-0.1334550490611427,0.17429876071176165,0.29143799710301055,-0.14467457170069026,-0.1393932359389971,-0.04034267955632491,-0.2364747294143374,-0.09127380998427909,0.2521505518163459,0.12691113071970148,0.2185024808202758,0.1634662632560884,0.08720184655061661,0.10354396046011663
FcgR3AV McClellan postfusion gB,0.05858181635146618,-0.49375942510761306,0.22363023143259386,0.26843801141346935,-0.2282858494368358,-0.09643581664111772,0.23674360154004156,0.06843758088146115,-0.5000539933979306,0.234352960887274,0.2642588800773069,0.1786192757057943,0.18129827309933189,0.08182298541909575,0.10928191881070448
FcgR3AV Sino gB,0.20792282739235077,-0.08187632649503804,0.420992252027683,-0.06976536182727949,0.1510869453465305,-0.034520318496813474,-0.1595985534337562,-0.18366656784721708,-0.08633121451289126,0.44528066824778945,0.4352884712514885,0.4731210640174943,0.21157175891741542,0.16937809041700203,0.10380974437624288
FcgR3AF CG2,-0.0742720648159739,0.17394689557590126,-0.06812437808887575,0.16423470355451314,-0.12423795273914653,-0.09175495657170091,-0.010501298185141603,0.06134576387516405,-0.5136195756584785,-0.02171637208590635,-0.10740494548592128,-0.15691330012816418,-0.03724632802086944,0.016494596369242553,0.1349638710549065
FcgR3AF CG1,-0.07593936214596438,-0.37612012102970926,-0.14903399047001462,0.14636470373755014,0.003951536634562269,0.14842943758095417,0.35866739439653617,0.16089634259310032,0.4356934385796293,0.3558407395032997,0.22851682113937918,0.38310431219186974,-0.2117967130418492,-0.16068611518760118,-0.11171905012415576
FcgR3AF McClellan prefusion gB,0.17824944678667187,0.38539472075416986,0.2200168867470306,0.12251433833538748,-0.032353897811160895,0.13163797607279693,0.11191397678445131,0.32323876288362224,0.10108767925019153,-0.3198959883032219,-0.07543192013158381,-0.32058685939317916,-0.3916354238547179,-0.2687837274906269,-0.23872347104733715
FcgR3AF GSK pentamer,0.03058257838697953,-0.08652105086301387,-0.04407835173752721,-0.337391036343606,-0.038207116514512876,-0.08580026717856058,0.03926281350858936,0.0476662475170594,-0.2722185629002509,-0.02253514249878366,0.02258123718691911,0.04261101247307274,0.04941176505256256,0.05371992319242669,0.023914851073159327
FcgR3AF GSK gB,0.1932454812474897,0.00840180786061355,0.04438814790591099,0.14865885869562281,0.05703415169634831,0.2160701304254245,0.0015954105122174267,0.03854273491582183,0.13148424350138346,-0.08923716227032122,-0.05172027008072844,-0.12309926903021257,-0.0683835488868948,0.08428834314817904,0.06676994887715201
FcgR3AF McClellan HCMV pentamer,0.11990422651310592,-0.276294600903628,-0.50075655619806,-0.11303741354782629,-0.022873197447350307,0.10445991275997521,0.3445692643999271,0.16976178464449546,-0.052997726878087625,-0.30993101317082083,-0.5321292338083033,-0.2310729962509944,-0.009307768644370662,0.1680130503324135,0.08758874716407833
FcgR3AF Native Antigen pentamer,-0.1247700833618009,-0.2536487347532798,-0.03988746299282893,0.06098614563056533,-0.11051324584623307,-0.09635647730130757,0.033468807886647495,-0.13016841719735475,-0.0627877180799243,0.1998838103968985,0.089789829033529,0.15135958807985364,0.20057616279474738,0.11779451004827446,0.15156404805048707
FcgR3AF McClellan postfusion gB,0.08540598230870186,-0.15080107580022414,-0.11005681657489397,-0.052586928762946406,0.41699296765420046,0.19492287061131988,0.20664470763314205,0.00039199156932785695,0.2046013149752606,-0.12352596996022505,-0.07125923613892061,-0.2342930689772565,0.17819213752295862,0.06309674308843674,0.20760568572148963
FcgR3AF Sino gB,-0.05229159127015933,-0.2899200487028997,-0.19719102374333952,-0.01025986185188546,-0.16465817239476702,-0.15768970943827695,0.061320848055408994,-0.2638776881721912,-0.09930420300657536,0.17027808716600984,0.07985726783862335,0.11643886334971958,-0.04976223916511982,-0.04291663148813768,-0.03884333935893208
FcgR3BNA2 FcgR3BNA2 CG2,0.058326606983002585,0.09233418620772284,0.17858447972173067,0.18664409764958936,0.026889298117717397,0.018548589471601325,-0.2745992953000788,-0.27644612697807325,-0.24038748044003316,-0.28453014452518516,-0.24533202352193625,-0.3515298913826536,0.00969264027689784,0.00786129568590238,0.0883902874628642
CG1,-0.17256459392007018,-0.2473045242056226,0.20938466882897697,0.022618847081360277,0.17924576410893794,0.017459961892267922,-0.12648208802931166,-0.00931815430271854,0.27182906313734345,-0.14076003966913203,-0.06741661323490371,-0.13546350829239337,-0.2832048104395323,-0.30017528096969065,-0.2408671583910769
FcgR3BNA2 McClellan prefusion gB,-0.11122918643462142,0.07613654709743173,-0.05524853872111317,0.11031772381033457,-0.30523340388265097,-0.0861006985949274,-0.04900151975158054,0.17708942390622218,-0.21988983208774454,-0.2772010369612631,-0.19323176819965476,-0.18945892584776192,-0.32699687133147765,-0.29702853728140943,-0.2946083219512911
FcgR3BNA2 GSK pentamer,0.2337905624815358,0.05662759371747808,0.20238322463857975,0.17898528144790657,0.12574815012694684,0.22064739755105045,0.0007610584565004436,0.08442908377852142,0.013962950314233322,-0.17007016278755085,-0.07262732236511812,-0.05568921527522781,0.5096287478577263,0.4908870963544498,0.42441901203375715
FcgR3BNA2 GSK gB,-0.2520433621386343,-0.1099388782707241,-0.24232652887380032,-0.20746158896556197,-0.13184240154551352,-0.3086634429236462,-0.16945088448724765,-0.421411210383272,0.5354403598849263,0.2199252339775186,0.046947432073858444,0.1364908352738956,-0.16825634822457902,-0.015800628557186502,-0.021981848258870146
FcgR3BNA2 McClellan HCMV pentamer,-0.08515365836608038,-0.022088573043957366,-0.22917146038585257,-0.17992974469775755,-0.04839573361018006,-0.13429557223319782,0.060010529678908534,-0.09166552280631143,0.1573946519695404,-0.0520836185853529,-0.04135011972764461,-0.041038782593080275,0.022958591552281693,0.06845802252470257,-0.022709256007773182
FcgR3BNA2 Native Antigen pentamer,0.007961719095476799,-0.09441753993447881,0.026889952477808038,0.28007361074767956,-0.04665236653942164,-0.018454312077915695,-0.006186808882421235,-0.09461657806619037,-0.022462688506524844,0.02330517679949866,0.00803824778173061,0.01764540049770537,0.06492565817553536,0.054530928311655985,0.06638857590643957
FcgR3BNA2 McClellan postfusion gB,-0.21874968658676702,-0.16744897868913974,-0.11851168882215052,-0.11746033080429663,-0.007628352922800764,-0.00452163891361252,0.3435918831168962,0.12253675831719663,-0.13172978685851655,0.34277907614837433,0.13690805844537812,0.23781061614558993,-0.01433319354855489,-0.13225740992953564,-0.11408294565687171
FcgR3BNA2 Sino gB,0.02957787822446553,-0.08026013885691227,-0.04672628298703839,0.2548192753650872,-0.04749013143882834,-0.18257366507365896,0.1254758516662808,-0.15290508437659814,-0.09491181089653247,-0.1549442801736908,-0.1544549842691521,-0.2013461658618221,-0.030670809888818207,-0.004637361837234649,0.004314544455501584
FcRn CG2,0.00015398287657900078,-0.037087153722291474,0.020482274706285594,0.013513846111973427,0.029735944993908754,0.030563094555073472,0.01694428855967596,0.04862355812895889,0.03726902701267977,0.014536501418356135,-0.001968994856997877,0.014703967838119586,-0.021798782609821737,-0.02255162899148866,-0.014888032502493181
FcRn CG1,0.0007609361856701358,-0.08380062147236533,0.039271305525925046,0.018963098275462595,0.06397857399587342,0.06721458343179848,0.016591615050262257,0.0985229590786714,0.09346192380951651,0.012406559024081498,-0.016682310962859867,0.01693695574250441,-0.04268111033687344,-0.04667901381478684,-0.030692731277772972
FcRn McClellan prefusion gB,0.04901187309305861,0.015815307747730142,0.1137237940966496,0.008245987486607792,-0.08665022005304876,-0.07682888548558472,-0.12101507873137202,-0.03415238160133588,0.04735310239726291,-0.05007909765004903,0.0037506304511422395,-0.053573819175330106,-0.13065234104263915,-0.09892287834300742,-0.12213838564234741
FcRn GSK pentamer,0.030599409828135915,-0.02169689818824075,0.07763932067916984,-0.028835077431520903,0.048585545867023246,0.07142301770152701,-0.015923837763429052,0.004574735811739117,-0.04104745281879134,-0.02295166942086624,-0.04854465041050561,-0.03392041055795875,-0.0497346026371569,-0.023125979971294036,-0.03702546977858592
FcRn GSK gB,0.0581527844468926,0.031768935758417674,0.17356040361823027,-0.025678555494649064,-0.0591295107615221,0.039231016771984546,-0.21873762667120072,-0.05596033271568031,0.08626823460922599,-0.08576612083328407,-0.09421154967765968,-0.09770271827040461,-0.26940461822395395,-0.1562979848017395,-0.1697844956694728
FcRn McClellan HCMV pentamer,0.12773866698987082,-0.13623265168135185,0.3081827979278836,-0.10293841257806793,0.25977618245771683,0.38050582615221595,-0.03034356063426187,0.12012707935437549,-0.15927004034252895,-0.09827751338195309,-0.21365702263740252,-0.14543837914096408,-0.23007903887579356,-0.10504286932908025,-0.16209659014279432
FcRn Native Antigen pentamer,-0.004275695482990893,-0.004772102870523889,-0.0024623815459659804,-0.0018224345223403354,0.0019948890499988103,0.0068910716514430925,-0.0035419850915106438,-0.0018278311238631856,0.0006719656730127532,0.0012198056628801857,-0.003427029743309745,0.0006478614810477845,-0.0044402124662962505,-0.001370421576620956,0.0028751886467329457
FcRn McClellan postfusion gB,0.17381124858267716,0.031914497595989494,0.42577001794405,0.01713325106182327,-0.2948177154904051,-0.2923030376019964,-0.3977065861224257,-0.15399918977413257,0.12002146441768419,-0.15307829102647758,0.02575352967361992,-0.1702347686047212,-0.4196411436301764,-0.33168633953828613,-0.4137375275415155
FcRn Sino gB,0.0007103911375304778,-0.000677110753866797,0.0011074240642688638,0.0009388752898293329,0.0005602851569812828,0.002708425175490442,-0.0012203720186563238,0.0035427409996787035,0.0026821573368105422,-0.0009494099249871824,-0.0009970758859355194,-0.0010573016986805406,-0.004259867455398497,-0.0025292658714834437,-0.0025123408942685777
Base Model,0.0,0.0,0.0,0.0,0.0,0.0,0.0,0.0,0.0,0.0,0.0,0.0,0.0,0.0,0.0
